﻿not blank,Response,,Spreadsheet,Spreadsheet: colour image,correct colour ,
not blank,BEGIN,,,,,
not blank,red,1,For sentence 2,what colour was the word 'train',red,Syntatic 
not blank,blue,1,For sentence 1,what colour was the word 'students',blue,Syntatic 
not blank,red,1,For sentence 1,what colour was the word 'unwrapped',red,Syntatic 
not blank,blue,1,For sentence 1,what colour was the word 'actors',blue,Syntatic 
not blank,red,1,For sentence 2,what colour was the word 'Sprinted',red,Syntatic 
not blank,red,0,For sentence 3,what colour was the word 'magician',blue,Syntatic 
not blank,blue,1,For sentence 3,what colour was the word 'sky',blue,Not Syntatic 
not blank,green,0,For sentence 1,what colour was the word 'sports',red,Not Syntatic 
not blank,red,1,For sentence 2,what colour was the word 'snow',red,Not Syntatic 
not blank,green,0,For sentence 2,what colour was the word 'drove',red,Not Syntatic 
not blank,blue,0,for sentence 1 ,what colour was the word 'mountains',red,Not Syntatic 
not blank,red,0,For sentence 3,what colour was the word 'completion',green,Not Syntatic 
not blank,END,,,,,
not blank,blue,0,For sentence 2,what colour was the word 'train',red,Syntatic 
not blank,blue,1,For sentence 1,what colour was the word 'students',blue,Syntatic 
not blank,red,1,For sentence 1,what colour was the word 'unwrapped',red,Syntatic 
not blank,red,0,For sentence 1,what colour was the word 'actors',blue,Syntatic 
not blank,green,0,For sentence 2,what colour was the word 'Sprinted',red,Syntatic 
not blank,blue,1,For sentence 3,what colour was the word 'magician',blue,Syntatic 
not blank,blue,1,For sentence 3,what colour was the word 'sky',blue,Not Syntatic 
not blank,red,1,For sentence 1,what colour was the word 'sports',red,Not Syntatic 
not blank,red,1,For sentence 2,what colour was the word 'snow',red,Not Syntatic 
not blank,red,1,For sentence 2,what colour was the word 'drove',red,Not Syntatic 
not blank,red,1,for sentence 1 ,what colour was the word 'mountains',red,Not Syntatic 
not blank,green,1,For sentence 3,what colour was the word 'completion',green,Not Syntatic 
not blank,END,,,,,
not blank,BEGIN,,,,,
not blank,red,1,For sentence 2,what colour was the word 'train',red,Syntatic 
not blank,blue,1,For sentence 1,what colour was the word 'students',blue,Syntatic 
not blank,green,0,For sentence 1,what colour was the word 'unwrapped',red,Syntatic 
not blank,actors,0,For sentence 1,what colour was the word 'actors',blue,Syntatic 
not blank,blue,0,For sentence 2,what colour was the word 'Sprinted',red,Syntatic 
not blank,red,0,For sentence 3,what colour was the word 'magician',blue,Syntatic 
not blank,blue,1,For sentence 3,what colour was the word 'sky',blue,Not Syntatic 
not blank,red,1,For sentence 1,what colour was the word 'sports',red,Not Syntatic 
not blank,red,1,For sentence 2,what colour was the word 'snow',red,Not Syntatic 
not blank,green,0,For sentence 2,what colour was the word 'drove',red,Not Syntatic 
not blank,green,0,for sentence 1 ,what colour was the word 'mountains',red,Not Syntatic 
not blank,green,1,For sentence 3,what colour was the word 'completion',green,Not Syntatic 
not blank,END,,,,,
not blank,BEGIN,,,,,
not blank,red,1,For sentence 2,what colour was the word 'train',red,Syntatic 
not blank,red,0,For sentence 1,what colour was the word 'students',blue,Syntatic 
not blank,blue,0,For sentence 1,what colour was the word 'unwrapped',red,Syntatic 
not blank,green,0,For sentence 1,what colour was the word 'actors',blue,Syntatic 
not blank,red,1,For sentence 2,what colour was the word 'Sprinted',red,Syntatic 
not blank,blue,1,For sentence 3,what colour was the word 'magician',blue,Syntatic 
not blank,blue,1,For sentence 3,what colour was the word 'sky',blue,Not Syntatic 
not blank,green,0,For sentence 1,what colour was the word 'sports',red,Not Syntatic 
not blank,blue,0,For sentence 2,what colour was the word 'snow',red,Not Syntatic 
not blank,red,1,For sentence 2,what colour was the word 'drove',red,Not Syntatic 
not blank,green,0,for sentence 1 ,what colour was the word 'mountains',red,Not Syntatic 
not blank,blue,0,For sentence 3,what colour was the word 'completion',green,Not Syntatic 
not blank,END,,,,,
not blank,BEGIN,,,,,
not blank,green,0,For sentence 2,what colour was the word 'train',red,Syntatic 
not blank,blue,1,For sentence 1,what colour was the word 'students',blue,Syntatic 
not blank,red,1,For sentence 1,what colour was the word 'unwrapped',red,Syntatic 
not blank,red,0,For sentence 1,what colour was the word 'actors',blue,Syntatic 
not blank,green,0,For sentence 2,what colour was the word 'Sprinted',red,Syntatic 
not blank,blue,1,For sentence 3,what colour was the word 'magician',blue,Syntatic 
not blank,blue,1,For sentence 3,what colour was the word 'sky',blue,Not Syntatic 
not blank,green,0,For sentence 1,what colour was the word 'sports',red,Not Syntatic 
not blank,green,0,For sentence 2,what colour was the word 'snow',red,Not Syntatic 
not blank,red,1,For sentence 2,what colour was the word 'drove',red,Not Syntatic 
not blank,red,1,for sentence 1 ,what colour was the word 'mountains',red,Not Syntatic 
not blank,green,1,For sentence 3,what colour was the word 'completion',green,Not Syntatic 
not blank,END,,,,,
not blank,BEGIN,,,,,
not blank,red,1,For sentence 2,what colour was the word 'train',red,Syntatic 
not blank,blue,1,For sentence 1,what colour was the word 'students',blue,Syntatic 
not blank,red,1,For sentence 1,what colour was the word 'unwrapped',red,Syntatic 
not blank,red,0,For sentence 1,what colour was the word 'actors',blue,Syntatic 
not blank,blue,0,For sentence 2,what colour was the word 'Sprinted',red,Syntatic 
not blank,green,0,For sentence 3,what colour was the word 'magician',blue,Syntatic 
not blank,red,0,For sentence 3,what colour was the word 'sky',blue,Not Syntatic 
not blank,blue,0,For sentence 1,what colour was the word 'sports',red,Not Syntatic 
not blank,blue,0,For sentence 2,what colour was the word 'snow',red,Not Syntatic 
not blank,green,0,For sentence 2,what colour was the word 'drove',red,Not Syntatic 
not blank,blue,0,for sentence 1 ,what colour was the word 'mountains',red,Not Syntatic 
not blank,red,0,For sentence 3,what colour was the word 'completion',green,Not Syntatic 
not blank,END,,,,,
not blank,BEGIN,,,,,
not blank,blue,0,For sentence 2,what colour was the word 'train',red,Syntatic 
not blank,green,0,For sentence 1,what colour was the word 'students',blue,Syntatic 
not blank,red,1,For sentence 1,what colour was the word 'unwrapped',red,Syntatic 
not blank,blue,1,For sentence 1,what colour was the word 'actors',blue,Syntatic 
not blank,green,0,For sentence 2,what colour was the word 'Sprinted',red,Syntatic 
not blank,blue,1,For sentence 3,what colour was the word 'magician',blue,Syntatic 
not blank,green,0,For sentence 3,what colour was the word 'sky',blue,Not Syntatic 
not blank,green,0,For sentence 1,what colour was the word 'sports',red,Not Syntatic 
not blank,green,0,For sentence 2,what colour was the word 'snow',red,Not Syntatic 
not blank,red,1,For sentence 2,what colour was the word 'drove',red,Not Syntatic 
not blank,blue,0,for sentence 1 ,what colour was the word 'mountains',red,Not Syntatic 
not blank,red,0,For sentence 3,what colour was the word 'completion',green,Not Syntatic 
not blank,END,,,,,
not blank,BEGIN,,,,,
not blank,red,1,For sentence 2,what colour was the word 'train',red,Syntatic 
not blank,red,0,For sentence 1,what colour was the word 'students',blue,Syntatic 
not blank,green,0,For sentence 1,what colour was the word 'unwrapped',red,Syntatic 
not blank,green,0,For sentence 1,what colour was the word 'actors',blue,Syntatic 
not blank,red,1,For sentence 2,what colour was the word 'Sprinted',red,Syntatic 
not blank,red,0,For sentence 3,what colour was the word 'magician',blue,Syntatic 
not blank,blue,1,For sentence 3,what colour was the word 'sky',blue,Not Syntatic 
not blank,blue,0,For sentence 1,what colour was the word 'sports',red,Not Syntatic 
not blank,red,1,For sentence 2,what colour was the word 'snow',red,Not Syntatic 
not blank,blue,0,For sentence 2,what colour was the word 'drove',red,Not Syntatic 
not blank,red,1,for sentence 1 ,what colour was the word 'mountains',red,Not Syntatic 
not blank,blue,0,For sentence 3,what colour was the word 'completion',green,Not Syntatic 
not blank,END,,,,,
not blank,BEGIN,,,,,
not blank,green,0,For sentence 2,what colour was the word 'train',red,Syntatic 
not blank,red,0,For sentence 1,what colour was the word 'students',blue,Syntatic 
not blank,red,1,For sentence 1,what colour was the word 'unwrapped',red,Syntatic 
not blank,blue,1,For sentence 1,what colour was the word 'actors',blue,Syntatic 
not blank,red,1,For sentence 2,what colour was the word 'Sprinted',red,Syntatic 
not blank,blue,1,For sentence 3,what colour was the word 'magician',blue,Syntatic 
not blank,red,0,For sentence 3,what colour was the word 'sky',blue,Not Syntatic 
not blank,red,1,For sentence 1,what colour was the word 'sports',red,Not Syntatic 
not blank,red,1,For sentence 2,what colour was the word 'snow',red,Not Syntatic 
not blank,red,1,For sentence 2,what colour was the word 'drove',red,Not Syntatic 
not blank,red,1,for sentence 1 ,what colour was the word 'mountains',red,Not Syntatic 
not blank,green,1,For sentence 3,what colour was the word 'completion',green,Not Syntatic 
not blank,END,,,,,
not blank,BEGIN,,,,,
not blank,red,1,For sentence 2,what colour was the word 'train',red,Syntatic 
not blank,green,0,For sentence 1,what colour was the word 'students',blue,Syntatic 
not blank,blue,0,For sentence 1,what colour was the word 'unwrapped',red,Syntatic 
not blank,blue,1,For sentence 1,what colour was the word 'actors',blue,Syntatic 
not blank,green,0,For sentence 2,what colour was the word 'Sprinted',red,Syntatic 
not blank,green,0,For sentence 3,what colour was the word 'magician',blue,Syntatic 
not blank,red,0,For sentence 3,what colour was the word 'sky',blue,Not Syntatic 
not blank,blue,0,For sentence 1,what colour was the word 'sports',red,Not Syntatic 
not blank,red,1,For sentence 2,what colour was the word 'snow',red,Not Syntatic 
not blank,green,0,For sentence 2,what colour was the word 'drove',red,Not Syntatic 
not blank,blue,0,for sentence 1 ,what colour was the word 'mountains',red,Not Syntatic 
not blank,green,1,For sentence 3,what colour was the word 'completion',green,Not Syntatic 
not blank,END,,,,,
not blank,BEGIN,,,,,
not blank,blue,0,For sentence 2,what colour was the word 'train',red,Syntatic 
not blank,red,0,For sentence 1,what colour was the word 'students',blue,Syntatic 
not blank,red,1,For sentence 1,what colour was the word 'unwrapped',red,Syntatic 
not blank,blue,1,For sentence 1,what colour was the word 'actors',blue,Syntatic 
not blank,green,0,For sentence 2,what colour was the word 'Sprinted',red,Syntatic 
not blank,blue,1,For sentence 3,what colour was the word 'magician',blue,Syntatic 
not blank,blue,1,For sentence 3,what colour was the word 'sky',blue,Not Syntatic 
not blank,red,1,For sentence 1,what colour was the word 'sports',red,Not Syntatic 
not blank,blue,0,For sentence 2,what colour was the word 'snow',red,Not Syntatic 
not blank,red,1,For sentence 2,what colour was the word 'drove',red,Not Syntatic 
not blank,green,0,for sentence 1 ,what colour was the word 'mountains',red,Not Syntatic 
not blank,red,0,For sentence 3,what colour was the word 'completion',green,Not Syntatic 
not blank,END,,,,,
not blank,BEGIN,,,,,
not blank,red,1,For sentence 2,what colour was the word 'train',red,Syntatic 
not blank,green,0,For sentence 1,what colour was the word 'students',blue,Syntatic 
not blank,red,1,For sentence 1,what colour was the word 'unwrapped',red,Syntatic 
not blank,blue,1,For sentence 1,what colour was the word 'actors',blue,Syntatic 
not blank,green,0,For sentence 2,what colour was the word 'Sprinted',red,Syntatic 
not blank,red,0,For sentence 3,what colour was the word 'magician',blue,Syntatic 
not blank,dunno,0,For sentence 3,what colour was the word 'sky',blue,Not Syntatic 
not blank,dunno,0,For sentence 1,what colour was the word 'sports',red,Not Syntatic 
not blank,dunno,0,For sentence 2,what colour was the word 'snow',red,Not Syntatic 
not blank,blue,0,For sentence 2,what colour was the word 'drove',red,Not Syntatic 
not blank,dunno,0,for sentence 1 ,what colour was the word 'mountains',red,Not Syntatic 
not blank,dunno,0,For sentence 3,what colour was the word 'completion',green,Not Syntatic 
not blank,END,,,,,
not blank,BEGIN,,,,,
not blank,blue,0,For sentence 2,what colour was the word 'train',red,Syntatic 
not blank,?,0,For sentence 1,what colour was the word 'students',blue,Syntatic 
not blank,red,1,For sentence 1,what colour was the word 'unwrapped',red,Syntatic 
not blank,?,0,For sentence 1,what colour was the word 'actors',blue,Syntatic 
not blank,green,0,For sentence 2,what colour was the word 'Sprinted',red,Syntatic 
not blank,green,0,For sentence 3,what colour was the word 'magician',blue,Syntatic 
not blank,blue,1,For sentence 3,what colour was the word 'sky',blue,Not Syntatic 
not blank,?,0,For sentence 1,what colour was the word 'sports',red,Not Syntatic 
not blank,?,0,For sentence 2,what colour was the word 'snow',red,Not Syntatic 
not blank,?,0,For sentence 2,what colour was the word 'drove',red,Not Syntatic 
not blank,?,0,for sentence 1 ,what colour was the word 'mountains',red,Not Syntatic 
not blank,?,0,For sentence 3,what colour was the word 'completion',green,Not Syntatic 
not blank,END,,,,,
not blank,BEGIN,,,,,
not blank,blue,0,For sentence 2,what colour was the word 'train',red,Syntatic 
not blank,red,0,For sentence 1,what colour was the word 'students',blue,Syntatic 
not blank,red,1,For sentence 1,what colour was the word 'unwrapped',red,Syntatic 
not blank,blue,1,For sentence 1,what colour was the word 'actors',blue,Syntatic 
not blank,green,0,For sentence 2,what colour was the word 'Sprinted',red,Syntatic 
not blank,blue,1,For sentence 3,what colour was the word 'magician',blue,Syntatic 
not blank,blue,1,For sentence 3,what colour was the word 'sky',blue,Not Syntatic 
not blank,blue,0,For sentence 1,what colour was the word 'sports',red,Not Syntatic 
not blank,green,0,For sentence 2,what colour was the word 'snow',red,Not Syntatic 
not blank,green,0,For sentence 2,what colour was the word 'drove',red,Not Syntatic 
not blank,red,1,for sentence 1 ,what colour was the word 'mountains',red,Not Syntatic 
not blank,red,0,For sentence 3,what colour was the word 'completion',green,Not Syntatic 
not blank,END,,,,,
not blank,BEGIN,,,,,
not blank,blue,0,For sentence 2,what colour was the word 'train',red,Syntatic 
not blank,forgot,0,For sentence 1,what colour was the word 'students',blue,Syntatic 
not blank,blue,0,For sentence 1,what colour was the word 'unwrapped',red,Syntatic 
not blank,red,0,For sentence 1,what colour was the word 'actors',blue,Syntatic 
not blank,forgot,0,For sentence 2,what colour was the word 'Sprinted',red,Syntatic 
not blank,forgot,0,For sentence 3,what colour was the word 'magician',blue,Syntatic 
not blank,blue,1,For sentence 3,what colour was the word 'sky',blue,Not Syntatic 
not blank,red,1,For sentence 1,what colour was the word 'sports',red,Not Syntatic 
not blank,weird red,0,For sentence 2,what colour was the word 'snow',red,Not Syntatic 
not blank,green,0,For sentence 2,what colour was the word 'drove',red,Not Syntatic 
not blank,blue,0,for sentence 1 ,what colour was the word 'mountains',red,Not Syntatic 
not blank,red,0,For sentence 3,what colour was the word 'completion',green,Not Syntatic 
not blank,END,,,,,
not blank,BEGIN,,,,,
not blank,red,1,For sentence 2,what colour was the word 'train',red,Syntatic 
not blank,green,0,For sentence 1,what colour was the word 'students',blue,Syntatic 
not blank,red,1,For sentence 1,what colour was the word 'unwrapped',red,Syntatic 
not blank,blue,1,For sentence 1,what colour was the word 'actors',blue,Syntatic 
not blank,red,1,For sentence 2,what colour was the word 'Sprinted',red,Syntatic 
not blank,green,0,For sentence 3,what colour was the word 'magician',blue,Syntatic 
not blank,blue,1,For sentence 3,what colour was the word 'sky',blue,Not Syntatic 
not blank,red,1,For sentence 1,what colour was the word 'sports',red,Not Syntatic 
not blank,red,1,For sentence 2,what colour was the word 'snow',red,Not Syntatic 
not blank,red,1,For sentence 2,what colour was the word 'drove',red,Not Syntatic 
not blank,red,1,for sentence 1 ,what colour was the word 'mountains',red,Not Syntatic 
not blank,green,1,For sentence 3,what colour was the word 'completion',green,Not Syntatic 
not blank,END,,,,,
not blank,BEGIN,,,,,
not blank,red,1,For sentence 2,what colour was the word 'train',red,Syntatic 
not blank,red,0,For sentence 1,what colour was the word 'students',blue,Syntatic 
not blank,blue,0,For sentence 1,what colour was the word 'unwrapped',red,Syntatic 
not blank,green,0,For sentence 1,what colour was the word 'actors',blue,Syntatic 
not blank,green,0,For sentence 2,what colour was the word 'Sprinted',red,Syntatic 
not blank,red,0,For sentence 3,what colour was the word 'magician',blue,Syntatic 
not blank,blue,1,For sentence 3,what colour was the word 'sky',blue,Not Syntatic 
not blank,green,0,For sentence 1,what colour was the word 'sports',red,Not Syntatic 
not blank,blue,0,For sentence 2,what colour was the word 'snow',red,Not Syntatic 
not blank,green,0,For sentence 2,what colour was the word 'drove',red,Not Syntatic 
not blank,red,1,for sentence 1 ,what colour was the word 'mountains',red,Not Syntatic 
not blank,green,1,For sentence 3,what colour was the word 'completion',green,Not Syntatic 
not blank,END,,,,,
not blank,BEGIN,,,,,
not blank,blue,0,For sentence 2,what colour was the word 'train',red,Syntatic 
not blank,blue,1,For sentence 1,what colour was the word 'students',blue,Syntatic 
not blank,red,1,For sentence 1,what colour was the word 'unwrapped',red,Syntatic 
not blank,green,0,For sentence 1,what colour was the word 'actors',blue,Syntatic 
not blank,blue,0,For sentence 2,what colour was the word 'Sprinted',red,Syntatic 
not blank,blue,1,For sentence 3,what colour was the word 'magician',blue,Syntatic 
not blank,blue,1,For sentence 3,what colour was the word 'sky',blue,Not Syntatic 
not blank,red,1,For sentence 1,what colour was the word 'sports',red,Not Syntatic 
not blank,green,0,For sentence 2,what colour was the word 'snow',red,Not Syntatic 
not blank,blue,0,For sentence 2,what colour was the word 'drove',red,Not Syntatic 
not blank,red,1,for sentence 1 ,what colour was the word 'mountains',red,Not Syntatic 
not blank,green,1,For sentence 3,what colour was the word 'completion',green,Not Syntatic 
not blank,END,,,,,
not blank,BEGIN,,,,,
not blank,green,0,For sentence 2,what colour was the word 'train',red,Syntatic 
not blank,red,0,For sentence 1,what colour was the word 'students',blue,Syntatic 
not blank,green,0,For sentence 1,what colour was the word 'unwrapped',red,Syntatic 
not blank,red,0,For sentence 1,what colour was the word 'actors',blue,Syntatic 
not blank,green,0,For sentence 2,what colour was the word 'Sprinted',red,Syntatic 
not blank,red,0,For sentence 3,what colour was the word 'magician',blue,Syntatic 
not blank,blur,0,For sentence 3,what colour was the word 'sky',blue,Not Syntatic 
not blank,green,0,For sentence 1,what colour was the word 'sports',red,Not Syntatic 
not blank,rer,0,For sentence 2,what colour was the word 'snow',red,Not Syntatic 
not blank,blue,0,For sentence 2,what colour was the word 'drove',red,Not Syntatic 
not blank,red,1,for sentence 1 ,what colour was the word 'mountains',red,Not Syntatic 
not blank,green,1,For sentence 3,what colour was the word 'completion',green,Not Syntatic 
not blank,END,,,,,
not blank,BEGIN,,,,,
not blank,red,1,For sentence 2,what colour was the word 'train',red,Syntatic 
not blank,blue,1,For sentence 1,what colour was the word 'students',blue,Syntatic 
not blank,green,0,For sentence 1,what colour was the word 'unwrapped',red,Syntatic 
not blank,red,0,For sentence 1,what colour was the word 'actors',blue,Syntatic 
not blank,blue,0,For sentence 2,what colour was the word 'Sprinted',red,Syntatic 
not blank,blue,1,For sentence 3,what colour was the word 'magician',blue,Syntatic 
not blank,red,0,For sentence 3,what colour was the word 'sky',blue,Not Syntatic 
not blank,red,1,For sentence 1,what colour was the word 'sports',red,Not Syntatic 
not blank,green,0,For sentence 2,what colour was the word 'snow',red,Not Syntatic 
not blank,red,1,For sentence 2,what colour was the word 'drove',red,Not Syntatic 
not blank,green,0,for sentence 1 ,what colour was the word 'mountains',red,Not Syntatic 
not blank,red,0,For sentence 3,what colour was the word 'completion',green,Not Syntatic 
not blank,END,,,,,
not blank,BEGIN,,,,,
not blank,green,0,For sentence 2,what colour was the word 'train',red,Syntatic 
not blank,blue,1,For sentence 1,what colour was the word 'students',blue,Syntatic 
not blank,red,1,For sentence 1,what colour was the word 'unwrapped',red,Syntatic 
not blank,blue,1,For sentence 1,what colour was the word 'actors',blue,Syntatic 
not blank,red,1,For sentence 2,what colour was the word 'Sprinted',red,Syntatic 
not blank,green,0,For sentence 3,what colour was the word 'magician',blue,Syntatic 
not blank,green,0,For sentence 3,what colour was the word 'sky',blue,Not Syntatic 
not blank,red,1,For sentence 1,what colour was the word 'sports',red,Not Syntatic 
not blank,red,1,For sentence 2,what colour was the word 'snow',red,Not Syntatic 
not blank,red,1,For sentence 2,what colour was the word 'drove',red,Not Syntatic 
not blank,green,0,for sentence 1 ,what colour was the word 'mountains',red,Not Syntatic 
not blank,green,1,For sentence 3,what colour was the word 'completion',green,Not Syntatic 
not blank,END,,,,,
not blank,BEGIN,,,,,
not blank,red,1,For sentence 2,what colour was the word 'train',red,Syntatic 
not blank,blue,1,For sentence 1,what colour was the word 'students',blue,Syntatic 
not blank,green,0,For sentence 1,what colour was the word 'unwrapped',red,Syntatic 
not blank,red,0,For sentence 1,what colour was the word 'actors',blue,Syntatic 
not blank,red,1,For sentence 2,what colour was the word 'Sprinted',red,Syntatic 
not blank,blue,1,For sentence 3,what colour was the word 'magician',blue,Syntatic 
not blank,blue,1,For sentence 3,what colour was the word 'sky',blue,Not Syntatic 
not blank,green,0,For sentence 1,what colour was the word 'sports',red,Not Syntatic 
not blank,green,0,For sentence 2,what colour was the word 'snow',red,Not Syntatic 
not blank,red,1,For sentence 2,what colour was the word 'drove',red,Not Syntatic 
not blank,green,0,for sentence 1 ,what colour was the word 'mountains',red,Not Syntatic 
not blank,green,1,For sentence 3,what colour was the word 'completion',green,Not Syntatic 
not blank,END,,,,,
not blank,BEGIN,,,,,
not blank,red,1,For sentence 2,what colour was the word 'train',red,Syntatic 
not blank,blue,1,For sentence 1,what colour was the word 'students',blue,Syntatic 
not blank,red,1,For sentence 1,what colour was the word 'unwrapped',red,Syntatic 
not blank,blue,1,For sentence 1,what colour was the word 'actors',blue,Syntatic 
not blank,red,1,For sentence 2,what colour was the word 'Sprinted',red,Syntatic 
not blank,red,0,For sentence 3,what colour was the word 'magician',blue,Syntatic 
not blank,blue,1,For sentence 3,what colour was the word 'sky',blue,Not Syntatic 
not blank,red,1,For sentence 1,what colour was the word 'sports',red,Not Syntatic 
not blank,red,1,For sentence 2,what colour was the word 'snow',red,Not Syntatic 
not blank,red,1,For sentence 2,what colour was the word 'drove',red,Not Syntatic 
not blank,blue,0,for sentence 1 ,what colour was the word 'mountains',red,Not Syntatic 
not blank,blue,0,For sentence 3,what colour was the word 'completion',green,Not Syntatic 
not blank,END,,,,,
not blank,BEGIN,,,,,
not blank,red,1,For sentence 2,what colour was the word 'train',red,Syntatic 
not blank,blue,1,For sentence 1,what colour was the word 'students',blue,Syntatic 
not blank,green,0,For sentence 1,what colour was the word 'unwrapped',red,Syntatic 
not blank,red,0,For sentence 1,what colour was the word 'actors',blue,Syntatic 
not blank,green,0,For sentence 2,what colour was the word 'Sprinted',red,Syntatic 
not blank,blue,1,For sentence 3,what colour was the word 'magician',blue,Syntatic 
not blank,blue,1,For sentence 3,what colour was the word 'sky',blue,Not Syntatic 
not blank,red,1,For sentence 1,what colour was the word 'sports',red,Not Syntatic 
not blank,green,0,For sentence 2,what colour was the word 'snow',red,Not Syntatic 
not blank,black,0,For sentence 2,what colour was the word 'drove',red,Not Syntatic 
not blank,blue,0,for sentence 1 ,what colour was the word 'mountains',red,Not Syntatic 
not blank,green,1,For sentence 3,what colour was the word 'completion',green,Not Syntatic 
not blank,END,,,,,
not blank,BEGIN,,,,,
not blank,green,0,For sentence 2,what colour was the word 'train',red,Syntatic 
not blank,blue,1,For sentence 1,what colour was the word 'students',blue,Syntatic 
not blank,red,1,For sentence 1,what colour was the word 'unwrapped',red,Syntatic 
not blank,green,0,For sentence 1,what colour was the word 'actors',blue,Syntatic 
not blank,red,1,For sentence 2,what colour was the word 'Sprinted',red,Syntatic 
not blank,blue,1,For sentence 3,what colour was the word 'magician',blue,Syntatic 
not blank,green,0,For sentence 3,what colour was the word 'sky',blue,Not Syntatic 
not blank,red,1,For sentence 1,what colour was the word 'sports',red,Not Syntatic 
not blank,green,0,For sentence 2,what colour was the word 'snow',red,Not Syntatic 
not blank,green,0,For sentence 2,what colour was the word 'drove',red,Not Syntatic 
not blank,red,1,for sentence 1 ,what colour was the word 'mountains',red,Not Syntatic 
not blank,blue,0,For sentence 3,what colour was the word 'completion',green,Not Syntatic 
not blank,END,,,,,
not blank,BEGIN,,,,,
not blank,red,1,For sentence 2,what colour was the word 'train',red,Syntatic 
not blank,green,0,For sentence 1,what colour was the word 'students',blue,Syntatic 
not blank,red,1,For sentence 1,what colour was the word 'unwrapped',red,Syntatic 
not blank,blue,1,For sentence 1,what colour was the word 'actors',blue,Syntatic 
not blank,green,0,For sentence 2,what colour was the word 'Sprinted',red,Syntatic 
not blank,blue,1,For sentence 3,what colour was the word 'magician',blue,Syntatic 
not blank,blue,1,For sentence 3,what colour was the word 'sky',blue,Not Syntatic 
not blank,blue,0,For sentence 1,what colour was the word 'sports',red,Not Syntatic 
not blank,green,0,For sentence 2,what colour was the word 'snow',red,Not Syntatic 
not blank,green,0,For sentence 2,what colour was the word 'drove',red,Not Syntatic 
not blank,blue,0,for sentence 1 ,what colour was the word 'mountains',red,Not Syntatic 
not blank,red,0,For sentence 3,what colour was the word 'completion',green,Not Syntatic 
not blank,END,,,,,
not blank,BEGIN,,,,,
not blank,green,0,For sentence 2,what colour was the word 'train',red,Syntatic 
not blank,green,0,For sentence 1,what colour was the word 'students',blue,Syntatic 
not blank,red,1,For sentence 1,what colour was the word 'unwrapped',red,Syntatic 
not blank,red,0,For sentence 1,what colour was the word 'actors',blue,Syntatic 
not blank,green,0,For sentence 2,what colour was the word 'Sprinted',red,Syntatic 
not blank,red,0,For sentence 3,what colour was the word 'magician',blue,Syntatic 
not blank,blue,1,For sentence 3,what colour was the word 'sky',blue,Not Syntatic 
not blank,blue,0,For sentence 1,what colour was the word 'sports',red,Not Syntatic 
not blank,red,1,For sentence 2,what colour was the word 'snow',red,Not Syntatic 
not blank,green,0,For sentence 2,what colour was the word 'drove',red,Not Syntatic 
not blank,blue,0,for sentence 1 ,what colour was the word 'mountains',red,Not Syntatic 
not blank,green,1,For sentence 3,what colour was the word 'completion',green,Not Syntatic 
not blank,END,,,,,
blank,BEGIN,,,,,
blank,red,1,For sentence 2,what colour was the word 'train',red,Syntatic 
blank,green,0,For sentence 1,what colour was the word 'students',blue,Syntatic 
blank,blue,0,For sentence 1,what colour was the word 'unwrapped',red,Syntatic 
blank,green,0,For sentence 1,what colour was the word 'actors',blue,Syntatic 
blank,red,1,For sentence 2,what colour was the word 'Sprinted',red,Syntatic 
blank,green,0,For sentence 3,what colour was the word 'magician',blue,Syntatic 
blank,blue,1,For sentence 3,what colour was the word 'sky',blue,Not Syntatic 
blank,red,1,For sentence 1,what colour was the word 'sports',red,Not Syntatic 
blank,green ,0,For sentence 2,what colour was the word 'snow',red,Not Syntatic 
blank,red,1,For sentence 2,what colour was the word 'drove',red,Not Syntatic 
blank,blue,0,for sentence 1 ,what colour was the word 'mountains',red,Not Syntatic 
blank,green,1,For sentence 3,what colour was the word 'completion',green,Not Syntatic 
blank,END,,,,,
blank,BEGIN,,,,,
blank,green,0,For sentence 2,what colour was the word 'train',red,Syntatic 
blank,blue,1,For sentence 1,what colour was the word 'students',blue,Syntatic 
blank,red,1,For sentence 1,what colour was the word 'unwrapped',red,Syntatic 
blank,blue,1,For sentence 1,what colour was the word 'actors',blue,Syntatic 
blank,green,0,For sentence 2,what colour was the word 'Sprinted',red,Syntatic 
blank,blue,1,For sentence 3,what colour was the word 'magician',blue,Syntatic 
blank,blue,1,For sentence 3,what colour was the word 'sky',blue,Not Syntatic 
blank,red,1,For sentence 1,what colour was the word 'sports',red,Not Syntatic 
blank,green,0,For sentence 2,what colour was the word 'snow',red,Not Syntatic 
blank,red,1,For sentence 2,what colour was the word 'drove',red,Not Syntatic 
blank,blue,0,for sentence 1 ,what colour was the word 'mountains',red,Not Syntatic 
blank,green,1,For sentence 3,what colour was the word 'completion',green,Not Syntatic 
blank,END,,,,,
blank,,,,,,
blank,,,,,,
blank,,,,,,
blank,,,,,,
blank,,,,,,
blank,,,,,,
blank,,,,,,
blank,,,,,,
blank,,,,,,
blank,,,,,,
blank,,,,,,
blank,,,,,,
blank,,,,,,
blank,,,,,,
blank,,,,,,
blank,,,,,,
blank,,,,,,
blank,,,,,,
blank,,,,,,
blank,,,,,,
blank,,,,,,
blank,,,,,,
blank,,,,,,
blank,,,,,,
blank,,,,,,
blank,,,,,,
blank,,,,,,
blank,,,,,,
blank,,,,,,
blank,,,,,,
blank,,,,,,
blank,,,,,,
blank,,,,,,
blank,,,,,,
blank,,,,,,
blank,,,,,,
blank,,,,,,
blank,,,,,,
blank,,,,,,
blank,,,,,,
blank,,,,,,
blank,,,,,,
blank,,,,,,
blank,,,,,,
blank,,,,,,
blank,,,,,,
blank,,,,,,
blank,,,,,,
blank,,,,,,
blank,,,,,,
blank,,,,,,
blank,,,,,,
blank,,,,,,
blank,,,,,,
blank,,,,,,
blank,,,,,,
blank,,,,,,
blank,,,,,,
blank,,,,,,
blank,,,,,,
blank,,,,,,
blank,,,,,,
blank,,,,,,
blank,,,,,,
blank,,,,,,
blank,,,,,,
blank,,,,,,
blank,,,,,,
blank,,,,,,
blank,,,,,,
blank,,,,,,
blank,,,,,,
blank,,,,,,
blank,,,,,,
blank,,,,,,
blank,,,,,,
blank,,,,,,
blank,,,,,,
blank,,,,,,
blank,,,,,,
blank,,,,,,
blank,,,,,,
blank,,,,,,
blank,,,,,,
blank,,,,,,
blank,,,,,,
blank,,,,,,
blank,,,,,,
blank,,,,,,
blank,,,,,,
blank,,,,,,
blank,,,,,,
blank,,,,,,
blank,,,,,,
blank,,,,,,
blank,,,,,,
blank,,,,,,
blank,,,,,,
blank,,,,,,
blank,,,,,,
blank,,,,,,
blank,,,,,,
blank,,,,,,
blank,,,,,,
blank,,,,,,
blank,,,,,,
blank,,,,,,
blank,,,,,,
blank,,,,,,
blank,,,,,,
blank,,,,,,
blank,,,,,,
blank,,,,,,
blank,,,,,,
blank,,,,,,
blank,,,,,,
