﻿not blank,Response,mark 1,mark 2,mark 3,Spreadsheet: image 1,Spreadsheet: image 2,Spreadsheet: text 2,Spreadsheet: Word text,correct words 1,correct words 2,correct words 3,CORRECT
not blank,BEGIN,,,,,,,,,,,
not blank,cat,0,,,The cat chased the mouse.,,For sentence 1,what word was the verb,chased ,,,0
not blank,took,0,0,,The book on the shelf is red.,,For sentence 2,what word was the noun,book,shelf,,0
not blank,happily,0,,,"In the morning, the sun rose brightly.",,For sentence 3,what word was the adjective ,brightly,,,0
not blank,idk,0,,,The professor explained the complex theory.,,For sentence 1,what word was the verb,explained,,,0
not blank,fascinating ,0,0,,The teacher patiently answered every question.,,For sentence 3,what word was the adjective ,patient,every,,0
not blank,dog,0,0,,"Underneath the old tree, a picnic took place.",,For sentence 1,what word was the noun,tree,picnic,,0
not blank,idk,0,0,0,,"Whispers among ancient trees, secrets shared.",for sentence 2,what word was the noun,Whispers,trees,secrets,0
not blank,idk,0,,,,"Citrus-scented breeze, memories stirred.",for sentence 3,what word was the verb,stirred,,,0
not blank,seagull,0,,,,"Vast canyon, voices echoing and resonating.",for sentence 1,what word was the adjective,vast,,,0
not blank,slowly,0,0,,,"Scented petals, pathway to forgotten gardens.",for sentence 2,what word was the adjective ,scented,forgotten,,0
not blank,idk,0,,,,"Whimsical reflections, pond ripples playfully.",for sentence 1,what word was the verb,playfully,,,0
not blank,idk,0,,,,"Whispers through fog, graveyard's ancient tales.",for sentence 2,what word was the adjective ,ancient,,,0
not blank,END,,,,,,,,,,,
not blank,BEGIN,,,,,,,,,,,
not blank,chased,1,,,The cat chased the mouse.,,For sentence 1,what word was the verb,chased ,,,1
not blank,flower,0,0,,The book on the shelf is red.,,For sentence 2,what word was the noun,book,shelf,,0
not blank,brightly,1,,,"In the morning, the sun rose brightly.",,For sentence 3,what word was the adjective ,brightly,,,1
not blank,explain,1,,,The professor explained the complex theory.,,For sentence 1,what word was the verb,explained,,,1
not blank,pateintly,1,0,,The teacher patiently answered every question.,,For sentence 3,what word was the adjective ,patient,every,,1
not blank,na,0,0,,"Underneath the old tree, a picnic took place.",,For sentence 1,what word was the noun,tree,picnic,,0
not blank,tree,0,1,0,,"Whispers among ancient trees, secrets shared.",for sentence 2,what word was the noun,Whispers,trees,secrets,1
not blank,na,0,,,,"Citrus-scented breeze, memories stirred.",for sentence 3,what word was the verb,stirred,,,0
not blank,na,0,,,,"Vast canyon, voices echoing and resonating.",for sentence 1,what word was the adjective,vast,,,0
not blank,na,0,0,,,"Scented petals, pathway to forgotten gardens.",for sentence 2,what word was the adjective ,scented,forgotten,,0
not blank,na,0,,,,"Whimsical reflections, pond ripples playfully.",for sentence 1,what word was the verb,playfully,,,0
not blank,na,0,,,,"Whispers through fog, graveyard's ancient tales.",for sentence 2,what word was the adjective ,ancient,,,0
not blank,END,,,,,,,,,,,
not blank,BEGIN,,,,,,,,,,,
not blank,chased,1,,,The cat chased the mouse.,,For sentence 1,what word was the verb,chased ,,,1
not blank,piano,0,0,,The book on the shelf is red.,,For sentence 2,what word was the noun,book,shelf,,0
not blank,brightly,1,,,"In the morning, the sun rose brightly.",,For sentence 3,what word was the adjective ,brightly,,,1
not blank,explained,1,,,The professor explained the complex theory.,,For sentence 1,what word was the verb,explained,,,1
not blank,patiently,1,0,,The teacher patiently answered every question.,,For sentence 3,what word was the adjective ,patient,every,,1
not blank,tree,1,0,,"Underneath the old tree, a picnic took place.",,For sentence 1,what word was the noun,tree,picnic,,1
not blank,moonlight,0,0,0,,"Whispers among ancient trees, secrets shared.",for sentence 2,what word was the noun,Whispers,trees,secrets,0
not blank,stirred,1,,,,"Citrus-scented breeze, memories stirred.",for sentence 3,what word was the verb,stirred,,,1
not blank,vast,1,,,,"Vast canyon, voices echoing and resonating.",for sentence 1,what word was the adjective,vast,,,1
not blank,unwaveringly,0,0,,,"Scented petals, pathway to forgotten gardens.",for sentence 2,what word was the adjective ,scented,forgotten,,0
not blank,playfully,1,,,,"Whimsical reflections, pond ripples playfully.",for sentence 1,what word was the verb,playfully,,,1
not blank,ancient,1,,,,"Whispers through fog, graveyard's ancient tales.",for sentence 2,what word was the adjective ,ancient,,,1
not blank,END,,,,,,,,,,,
not blank,BEGIN,,,,,,,,,,,
not blank,chased,1,,,The cat chased the mouse.,,For sentence 1,what word was the verb,chased ,,,1
not blank,red,0,0,,The book on the shelf is red.,,For sentence 2,what word was the noun,book,shelf,,0
not blank,brightly,1,,,"In the morning, the sun rose brightly.",,For sentence 3,what word was the adjective ,brightly,,,1
not blank,chirped,0,,,The professor explained the complex theory.,,For sentence 1,what word was the verb,explained,,,0
not blank,patiently,1,0,,The teacher patiently answered every question.,,For sentence 3,what word was the adjective ,patient,every,,1
not blank,tree,1,0,,"Underneath the old tree, a picnic took place.",,For sentence 1,what word was the noun,tree,picnic,,1
not blank,river,0,0,0,,"Whispers among ancient trees, secrets shared.",for sentence 2,what word was the noun,Whispers,trees,secrets,0
not blank,blew,0,,,,"Citrus-scented breeze, memories stirred.",for sentence 3,what word was the verb,stirred,,,0
not blank,carousel,0,,,,"Vast canyon, voices echoing and resonating.",for sentence 1,what word was the adjective,vast,,,0
not blank,lingered,0,0,,,"Scented petals, pathway to forgotten gardens.",for sentence 2,what word was the adjective ,scented,forgotten,,0
not blank,rippled,0,,,,"Whimsical reflections, pond ripples playfully.",for sentence 1,what word was the verb,playfully,,,0
not blank,glistening,0,,,,"Whispers through fog, graveyard's ancient tales.",for sentence 2,what word was the adjective ,ancient,,,0
not blank,END,,,,,,,,,,,
not blank,BEGIN,,,,,,,,,,,
not blank,no memory of a sentence,0,,,The cat chased the mouse.,,For sentence 1,what word was the verb,chased ,,,0
not blank,piano,0,0,,The book on the shelf is red.,,For sentence 2,what word was the noun,book,shelf,,0
not blank,bright,1,,,"In the morning, the sun rose brightly.",,For sentence 3,what word was the adjective ,brightly,,,1
not blank,explained,1,,,The professor explained the complex theory.,,For sentence 1,what word was the verb,explained,,,1
not blank,patiently,1,0,,The teacher patiently answered every question.,,For sentence 3,what word was the adjective ,patient,every,,1
not blank,tree,1,0,,"Underneath the old tree, a picnic took place.",,For sentence 1,what word was the noun,tree,picnic,,1
not blank,trees,0,1,0,,"Whispers among ancient trees, secrets shared.",for sentence 2,what word was the noun,Whispers,trees,secrets,1
not blank,chattering,0,,,,"Citrus-scented breeze, memories stirred.",for sentence 3,what word was the verb,stirred,,,0
not blank,-,0,,,,"Vast canyon, voices echoing and resonating.",for sentence 1,what word was the adjective,vast,,,0
not blank,meaningfull,0,0,,,"Scented petals, pathway to forgotten gardens.",for sentence 2,what word was the adjective ,scented,forgotten,,0
not blank,-,0,,,,"Whimsical reflections, pond ripples playfully.",for sentence 1,what word was the verb,playfully,,,0
not blank,-,0,,,,"Whispers through fog, graveyard's ancient tales.",for sentence 2,what word was the adjective ,ancient,,,0
not blank,END,,,,,,,,,,,
not blank,BEGIN,,,,,,,,,,,
not blank,chased,1,,,The cat chased the mouse.,,For sentence 1,what word was the verb,chased ,,,1
not blank,shelf,0,1,,The book on the shelf is red.,,For sentence 2,what word was the noun,book,shelf,,1
not blank,heavily,0,,,"In the morning, the sun rose brightly.",,For sentence 3,what word was the adjective ,brightly,,,0
not blank,explained,1,,,The professor explained the complex theory.,,For sentence 1,what word was the verb,explained,,,1
not blank,paitently,0,0,,The teacher patiently answered every question.,,For sentence 3,what word was the adjective ,patient,every,,0
not blank,person,0,0,,"Underneath the old tree, a picnic took place.",,For sentence 1,what word was the noun,tree,picnic,,0
not blank,river,0,0,0,,"Whispers among ancient trees, secrets shared.",for sentence 2,what word was the noun,Whispers,trees,secrets,0
not blank,scented,0,,,,"Citrus-scented breeze, memories stirred.",for sentence 3,what word was the verb,stirred,,,0
not blank,splashing,0,,,,"Vast canyon, voices echoing and resonating.",for sentence 1,what word was the adjective,vast,,,0
not blank,forgotten,0,1,,,"Scented petals, pathway to forgotten gardens.",for sentence 2,what word was the adjective ,scented,forgotten,,1
not blank,playfully,1,,,,"Whimsical reflections, pond ripples playfully.",for sentence 1,what word was the verb,playfully,,,1
not blank,whimsically,0,,,,"Whispers through fog, graveyard's ancient tales.",for sentence 2,what word was the adjective ,ancient,,,0
not blank,END,,,,,,,,,,,
not blank,BEGIN,,,,,,,,,,,
not blank,chase,1,,,The cat chased the mouse.,,For sentence 1,what word was the verb,chased ,,,1
not blank,book,1,0,,The book on the shelf is red.,,For sentence 2,what word was the noun,book,shelf,,1
not blank,rise,0,,,"In the morning, the sun rose brightly.",,For sentence 3,what word was the adjective ,brightly,,,0
not blank,explain,1,,,The professor explained the complex theory.,,For sentence 1,what word was the verb,explained,,,1
not blank,patiently,1,0,,The teacher patiently answered every question.,,For sentence 3,what word was the adjective ,patient,every,,1
not blank,picnic and tree,0,1,,"Underneath the old tree, a picnic took place.",,For sentence 1,what word was the noun,tree,picnic,,1
not blank,"whisper, tree and secret",1,0,0,,"Whispers among ancient trees, secrets shared.",for sentence 2,what word was the noun,Whispers,trees,secrets,1
not blank,stir,1,,,,"Citrus-scented breeze, memories stirred.",for sentence 3,what word was the verb,stirred,,,1
not blank,vast,1,,,,"Vast canyon, voices echoing and resonating.",for sentence 1,what word was the adjective,vast,,,1
not blank,scented and forgotten,1,0,,,"Scented petals, pathway to forgotten gardens.",for sentence 2,what word was the adjective ,scented,forgotten,,1
not blank,ripple,0,,,,"Whimsical reflections, pond ripples playfully.",for sentence 1,what word was the verb,playfully,,,0
not blank,ancient,1,,,,"Whispers through fog, graveyard's ancient tales.",for sentence 2,what word was the adjective ,ancient,,,1
not blank,END,,,,,,,,,,,
not blank,BEGIN,,,,,,,,,,,
not blank,chased,1,,,The cat chased the mouse.,,For sentence 1,what word was the verb,chased ,,,1
not blank,n/a,0,0,,The book on the shelf is red.,,For sentence 2,what word was the noun,book,shelf,,0
not blank,brightly,1,,,"In the morning, the sun rose brightly.",,For sentence 3,what word was the adjective ,brightly,,,1
not blank,explained,1,,,The professor explained the complex theory.,,For sentence 1,what word was the verb,explained,,,1
not blank,n/a,0,0,,The teacher patiently answered every question.,,For sentence 3,what word was the adjective ,patient,every,,0
not blank,mouse,0,0,,"Underneath the old tree, a picnic took place.",,For sentence 1,what word was the noun,tree,picnic,,0
not blank,tree,0,1,0,,"Whispers among ancient trees, secrets shared.",for sentence 2,what word was the noun,Whispers,trees,secrets,1
not blank,giggled,0,,,,"Citrus-scented breeze, memories stirred.",for sentence 3,what word was the verb,stirred,,,0
not blank,bright,0,,,,"Vast canyon, voices echoing and resonating.",for sentence 1,what word was the adjective,vast,,,0
not blank,lol,0,0,,,"Scented petals, pathway to forgotten gardens.",for sentence 2,what word was the adjective ,scented,forgotten,,0
not blank,dancing,0,,,,"Whimsical reflections, pond ripples playfully.",for sentence 1,what word was the verb,playfully,,,0
not blank,bright,0,,,,"Whispers through fog, graveyard's ancient tales.",for sentence 2,what word was the adjective ,ancient,,,0
not blank,END,,,,,,,,,,,
not blank,BEGIN,,,,,,,,,,,
not blank,rain,0,,,The cat chased the mouse.,,For sentence 1,what word was the verb,chased ,,,0
not blank,played ,0,0,,The book on the shelf is red.,,For sentence 2,what word was the noun,book,shelf,,0
not blank,morning ,0,,,"In the morning, the sun rose brightly.",,For sentence 3,what word was the adjective ,brightly,,,0
not blank,chirped,0,,,The professor explained the complex theory.,,For sentence 1,what word was the verb,explained,,,0
not blank,teacher,0,0,,The teacher patiently answered every question.,,For sentence 3,what word was the adjective ,patient,every,,0
not blank,jumping,0,0,,"Underneath the old tree, a picnic took place.",,For sentence 1,what word was the noun,tree,picnic,,0
not blank,whispers,1,0,0,,"Whispers among ancient trees, secrets shared.",for sentence 2,what word was the noun,Whispers,trees,secrets,1
not blank,mysterious ,0,,,,"Citrus-scented breeze, memories stirred.",for sentence 3,what word was the verb,stirred,,,0
not blank,seagulls ,0,,,,"Vast canyon, voices echoing and resonating.",for sentence 1,what word was the adjective,vast,,,0
not blank,crashing,0,0,,,"Scented petals, pathway to forgotten gardens.",for sentence 2,what word was the adjective ,scented,forgotten,,0
not blank,whimisacal,0,,,,"Whimsical reflections, pond ripples playfully.",for sentence 1,what word was the verb,playfully,,,0
not blank,Whispers,0,,,,"Whispers through fog, graveyard's ancient tales.",for sentence 2,what word was the adjective ,ancient,,,0
not blank,END,,,,,,,,,,,
not blank,BEGIN,,,,,,,,,,,
not blank,chased,1,,,The cat chased the mouse.,,For sentence 1,what word was the verb,chased ,,,1
not blank,book,1,0,,The book on the shelf is red.,,For sentence 2,what word was the noun,book,shelf,,1
not blank,brightly,1,,,"In the morning, the sun rose brightly.",,For sentence 3,what word was the adjective ,brightly,,,1
not blank,studied,0,,,The professor explained the complex theory.,,For sentence 1,what word was the verb,explained,,,0
not blank,patiently,1,0,,The teacher patiently answered every question.,,For sentence 3,what word was the adjective ,patient,every,,1
not blank,tree,1,0,,"Underneath the old tree, a picnic took place.",,For sentence 1,what word was the noun,tree,picnic,,1
not blank,river,0,0,0,,"Whispers among ancient trees, secrets shared.",for sentence 2,what word was the noun,Whispers,trees,secrets,0
not blank,stirred,1,,,,"Citrus-scented breeze, memories stirred.",for sentence 3,what word was the verb,stirred,,,1
not blank,enchantingly,0,,,,"Vast canyon, voices echoing and resonating.",for sentence 1,what word was the adjective,vast,,,0
not blank,lingering,0,0,,,"Scented petals, pathway to forgotten gardens.",for sentence 2,what word was the adjective ,scented,forgotten,,0
not blank,fall,0,,,,"Whimsical reflections, pond ripples playfully.",for sentence 1,what word was the verb,playfully,,,0
not blank,tunefully,0,,,,"Whispers through fog, graveyard's ancient tales.",for sentence 2,what word was the adjective ,ancient,,,0
not blank,END,,,,,,,,,,,
not blank,BEGIN,,,,,,,,,,,
not blank,cat,0,,,The cat chased the mouse.,,For sentence 1,what word was the verb,chased ,,,0
not blank,book,1,0,,The book on the shelf is red.,,For sentence 2,what word was the noun,book,shelf,,1
not blank,brightly,1,,,"In the morning, the sun rose brightly.",,For sentence 3,what word was the adjective ,brightly,,,1
not blank,spoke,0,,,The professor explained the complex theory.,,For sentence 1,what word was the verb,explained,,,0
not blank,patiently ,1,0,,The teacher patiently answered every question.,,For sentence 3,what word was the adjective ,patient,every,,1
not blank,tree,1,0,,"Underneath the old tree, a picnic took place.",,For sentence 1,what word was the noun,tree,picnic,,1
not blank,tree,0,1,0,,"Whispers among ancient trees, secrets shared.",for sentence 2,what word was the noun,Whispers,trees,secrets,1
not blank,breeze,0,,,,"Citrus-scented breeze, memories stirred.",for sentence 3,what word was the verb,stirred,,,0
not blank,crashing,0,,,,"Vast canyon, voices echoing and resonating.",for sentence 1,what word was the adjective,vast,,,0
not blank,waves,0,0,,,"Scented petals, pathway to forgotten gardens.",for sentence 2,what word was the adjective ,scented,forgotten,,0
not blank,waves,0,,,,"Whimsical reflections, pond ripples playfully.",for sentence 1,what word was the verb,playfully,,,0
not blank,whispers,0,,,,"Whispers through fog, graveyard's ancient tales.",for sentence 2,what word was the adjective ,ancient,,,0
not blank,END,,,,,,,,,,,
not blank,BEGIN,,,,,,,,,,,
not blank,forgor,0,,,The cat chased the mouse.,,For sentence 1,what word was the verb,chased ,,,0
not blank,piano,0,0,,The book on the shelf is red.,,For sentence 2,what word was the noun,book,shelf,,0
not blank,brightly,1,,,"In the morning, the sun rose brightly.",,For sentence 3,what word was the adjective ,brightly,,,1
not blank,forgor,0,,,The professor explained the complex theory.,,For sentence 1,what word was the verb,explained,,,0
not blank,passionately,0,0,,The teacher patiently answered every question.,,For sentence 3,what word was the adjective ,patient,every,,0
not blank,car,0,0,,"Underneath the old tree, a picnic took place.",,For sentence 1,what word was the noun,tree,picnic,,0
not blank,forgor,0,0,0,,"Whispers among ancient trees, secrets shared.",for sentence 2,what word was the noun,Whispers,trees,secrets,0
not blank,forgor,0,,,,"Citrus-scented breeze, memories stirred.",for sentence 3,what word was the verb,stirred,,,0
not blank,forgor,0,,,,"Vast canyon, voices echoing and resonating.",for sentence 1,what word was the adjective,vast,,,0
not blank,brightly,0,0,,,"Scented petals, pathway to forgotten gardens.",for sentence 2,what word was the adjective ,scented,forgotten,,0
not blank,forgor,0,,,,"Whimsical reflections, pond ripples playfully.",for sentence 1,what word was the verb,playfully,,,0
not blank,forgor,0,,,,"Whispers through fog, graveyard's ancient tales.",for sentence 2,what word was the adjective ,ancient,,,0
not blank,END,,,,,,,,,,,
not blank,BEGIN,,,,,,,,,,,
not blank,cat run,0,,,The cat chased the mouse.,,For sentence 1,what word was the verb,chased ,,,0
not blank,the book,0,0,,The book on the shelf is red.,,For sentence 2,what word was the noun,book,shelf,,0
not blank,in the morning the sun brightlu shine,0,,,"In the morning, the sun rose brightly.",,For sentence 3,what word was the adjective ,brightly,,,0
not blank,the bird ,0,,,The professor explained the complex theory.,,For sentence 1,what word was the verb,explained,,,0
not blank,the teacher patiently answered all of the questions,0,0,,The teacher patiently answered every question.,,For sentence 3,what word was the adjective ,patient,every,,0
not blank,the picnic,0,0,,"Underneath the old tree, a picnic took place.",,For sentence 1,what word was the noun,tree,picnic,,0
not blank,a,0,0,0,,"Whispers among ancient trees, secrets shared.",for sentence 2,what word was the noun,Whispers,trees,secrets,0
not blank,b,0,,,,"Citrus-scented breeze, memories stirred.",for sentence 3,what word was the verb,stirred,,,0
not blank,waves crushing seagulls,0,,,,"Vast canyon, voices echoing and resonating.",for sentence 1,what word was the adjective,vast,,,0
not blank,time linering suspends,0,0,,,"Scented petals, pathway to forgotten gardens.",for sentence 2,what word was the adjective ,scented,forgotten,,0
not blank,chaos of leaves autmns ,0,,,,"Whimsical reflections, pond ripples playfully.",for sentence 1,what word was the verb,playfully,,,0
not blank,footprints on the sand leaves stories,0,,,,"Whispers through fog, graveyard's ancient tales.",for sentence 2,what word was the adjective ,ancient,,,0
not blank,END,,,,,,,,,,,
not blank,BEGIN,,,,,,,,,,,
not blank,chased,1,,,The cat chased the mouse.,,For sentence 1,what word was the verb,chased ,,,1
not blank,book,1,0,,The book on the shelf is red.,,For sentence 2,what word was the noun,book,shelf,,1
not blank,brightly,1,,,"In the morning, the sun rose brightly.",,For sentence 3,what word was the adjective ,brightly,,,1
not blank,solved,0,,,The professor explained the complex theory.,,For sentence 1,what word was the verb,explained,,,0
not blank,patiently,1,0,,The teacher patiently answered every question.,,For sentence 3,what word was the adjective ,patient,every,,1
not blank,?,0,0,,"Underneath the old tree, a picnic took place.",,For sentence 1,what word was the noun,tree,picnic,,0
not blank,secrets,0,0,1,,"Whispers among ancient trees, secrets shared.",for sentence 2,what word was the noun,Whispers,trees,secrets,1
not blank,stirred,1,,,,"Citrus-scented breeze, memories stirred.",for sentence 3,what word was the verb,stirred,,,1
not blank,?,0,,,,"Vast canyon, voices echoing and resonating.",for sentence 1,what word was the adjective,vast,,,0
not blank,forgotten,0,1,,,"Scented petals, pathway to forgotten gardens.",for sentence 2,what word was the adjective ,scented,forgotten,,1
not blank,?,0,,,,"Whimsical reflections, pond ripples playfully.",for sentence 1,what word was the verb,playfully,,,0
not blank,ancient,1,,,,"Whispers through fog, graveyard's ancient tales.",for sentence 2,what word was the adjective ,ancient,,,1
not blank,END,,,,,,,,,,,
not blank,BEGIN,,,,,,,,,,,
not blank,chased,1,,,The cat chased the mouse.,,For sentence 1,what word was the verb,chased ,,,1
not blank,book,1,0,,The book on the shelf is red.,,For sentence 2,what word was the noun,book,shelf,,1
not blank,brightly,1,,,"In the morning, the sun rose brightly.",,For sentence 3,what word was the adjective ,brightly,,,1
not blank,explained,1,,,The professor explained the complex theory.,,For sentence 1,what word was the verb,explained,,,1
not blank,patiently,1,0,,The teacher patiently answered every question.,,For sentence 3,what word was the adjective ,patient,every,,1
not blank,weather,0,0,,"Underneath the old tree, a picnic took place.",,For sentence 1,what word was the noun,tree,picnic,,0
not blank,secrets,0,0,1,,"Whispers among ancient trees, secrets shared.",for sentence 2,what word was the noun,Whispers,trees,secrets,1
not blank,stirred,1,,,,"Citrus-scented breeze, memories stirred.",for sentence 3,what word was the verb,stirred,,,1
not blank,swiftly,0,,,,"Vast canyon, voices echoing and resonating.",for sentence 1,what word was the adjective,vast,,,0
not blank,scented,1,0,,,"Scented petals, pathway to forgotten gardens.",for sentence 2,what word was the adjective ,scented,forgotten,,1
not blank,chased,0,,,,"Whimsical reflections, pond ripples playfully.",for sentence 1,what word was the verb,playfully,,,0
not blank,whimsical,0,,,,"Whispers through fog, graveyard's ancient tales.",for sentence 2,what word was the adjective ,ancient,,,0
not blank,END,,,,,,,,,,,
not blank,BEGIN,,,,,,,,,,,
not blank,bloomed,0,,,The cat chased the mouse.,,For sentence 1,what word was the verb,chased ,,,0
not blank,fhkdfjjdjdfj,0,0,,The book on the shelf is red.,,For sentence 2,what word was the noun,book,shelf,,0
not blank,beautiful,0,,,"In the morning, the sun rose brightly.",,For sentence 3,what word was the adjective ,brightly,,,0
not blank,listened,0,,,The professor explained the complex theory.,,For sentence 1,what word was the verb,explained,,,0
not blank,fjdkcjdkfj forgot,0,0,,The teacher patiently answered every question.,,For sentence 3,what word was the adjective ,patient,every,,0
not blank,tree,1,0,,"Underneath the old tree, a picnic took place.",,For sentence 1,what word was the noun,tree,picnic,,1
not blank,river,0,0,0,,"Whispers among ancient trees, secrets shared.",for sentence 2,what word was the noun,Whispers,trees,secrets,0
not blank,stired,1,,,,"Citrus-scented breeze, memories stirred.",for sentence 3,what word was the verb,stirred,,,1
not blank,-,0,,,,"Vast canyon, voices echoing and resonating.",for sentence 1,what word was the adjective,vast,,,0
not blank,forgot,0,1,,,"Scented petals, pathway to forgotten gardens.",for sentence 2,what word was the adjective ,scented,forgotten,,1
not blank,ripples,0,,,,"Whimsical reflections, pond ripples playfully.",for sentence 1,what word was the verb,playfully,,,0
not blank,sad,0,,,,"Whispers through fog, graveyard's ancient tales.",for sentence 2,what word was the adjective ,ancient,,,0
not blank,END,,,,,,,,,,,
blank,BEGIN,,,,,,,,,,,0
blank,shone,,,,The cat chased the mouse.,,For sentence 1,what word was the verb,chased ,,,0
blank,rado,,,,The book on the shelf is red.,,For sentence 2,what word was the noun,book,shelf,,0
blank,glistened ,,,,"In the morning, the sun rose brightly.",,For sentence 3,what word was the adjective ,brightly,,,0
blank,idko,,,,The professor explained the complex theory.,,For sentence 1,what word was the verb,explained,,,0
blank,chirped ,,,,The teacher patiently answered every question.,,For sentence 3,what word was the adjective ,patient,every,,0
blank,barkedp,,,,"Underneath the old tree, a picnic took place.",,For sentence 1,what word was the noun,tree,picnic,,0
blank,idk,,,,,"Whispers among ancient trees, secrets shared.",for sentence 2,what word was the noun,Whispers,trees,secrets,0
blank,brifht,,,,,"Citrus-scented breeze, memories stirred.",for sentence 3,what word was the verb,stirred,,,0
blank,twinkled ,,,,,"Vast canyon, voices echoing and resonating.",for sentence 1,what word was the adjective,vast,,,0
blank,supsended ,,,,,"Scented petals, pathway to forgotten gardens.",for sentence 2,what word was the adjective ,scented,forgotten,,0
blank,leaves ,,,,,"Whimsical reflections, pond ripples playfully.",for sentence 1,what word was the verb,playfully,,,0
blank,idk,,,,,"Whispers through fog, graveyard's ancient tales.",for sentence 2,what word was the adjective ,ancient,,,
blank,END,,,,,,,,,,,
blank,BEGIN,,,,,,,,,,,1
blank,chased,,,,The cat chased the mouse.,,For sentence 1,what word was the verb,chased ,,,0
blank,piano,,,,The book on the shelf is red.,,For sentence 2,what word was the noun,book,shelf,,1
blank,brightly,,,,"In the morning, the sun rose brightly.",,For sentence 3,what word was the adjective ,brightly,,,1
blank,explained,,,,The professor explained the complex theory.,,For sentence 1,what word was the verb,explained,,,1
blank,patiently,,,,The teacher patiently answered every question.,,For sentence 3,what word was the adjective ,patient,every,,0
blank,cat,,,,"Underneath the old tree, a picnic took place.",,For sentence 1,what word was the noun,tree,picnic,,0
blank,moon,,,,,"Whispers among ancient trees, secrets shared.",for sentence 2,what word was the noun,Whispers,trees,secrets,1
blank,stirred,,,,,"Citrus-scented breeze, memories stirred.",for sentence 3,what word was the verb,stirred,,,0
blank,swirling,,,,,"Vast canyon, voices echoing and resonating.",for sentence 1,what word was the adjective,vast,,,0
blank,slowly,,,,,"Scented petals, pathway to forgotten gardens.",for sentence 2,what word was the adjective ,scented,forgotten,,0
blank,whimsicly,,,,,"Whimsical reflections, pond ripples playfully.",for sentence 1,what word was the verb,playfully,,,0
blank,gravely,,,,,"Whispers through fog, graveyard's ancient tales.",for sentence 2,what word was the adjective ,ancient,,,
blank,END,,,,,,,,,,,
blank,BEGIN,,,,,,,,,,,0
blank,flower ,,,,The cat chased the mouse.,,For sentence 1,what word was the verb,chased ,,,0
blank,red,,,,The book on the shelf is red.,,For sentence 2,what word was the noun,book,shelf,,0
blank,happily,,,,"In the morning, the sun rose brightly.",,For sentence 3,what word was the adjective ,brightly,,,0
blank,complex,,,,The professor explained the complex theory.,,For sentence 1,what word was the verb,explained,,,0
blank,road,,,,The teacher patiently answered every question.,,For sentence 3,what word was the adjective ,patient,every,,0
blank,frightened ,,,,"Underneath the old tree, a picnic took place.",,For sentence 1,what word was the noun,tree,picnic,,0
blank,stars twinkling,,,,,"Whispers among ancient trees, secrets shared.",for sentence 2,what word was the noun,Whispers,trees,secrets,0
blank,dancing silentely,,,,,"Citrus-scented breeze, memories stirred.",for sentence 3,what word was the verb,stirred,,,0
blank,soaring,,,,,"Vast canyon, voices echoing and resonating.",for sentence 1,what word was the adjective,vast,,,0
blank,suspended,,,,,"Scented petals, pathway to forgotten gardens.",for sentence 2,what word was the adjective ,scented,forgotten,,1
blank,playgully,,,,,"Whimsical reflections, pond ripples playfully.",for sentence 1,what word was the verb,playfully,,,0
blank,behind,,,,,"Whispers through fog, graveyard's ancient tales.",for sentence 2,what word was the adjective ,ancient,,,
blank,END,,,,,,,,,,,
blank,BEGIN,,,,,,,,,,,1
blank,chased,,,,The cat chased the mouse.,,For sentence 1,what word was the verb,chased ,,,1
blank,book,,,,The book on the shelf is red.,,For sentence 2,what word was the noun,book,shelf,,0
blank,dense,,,,"In the morning, the sun rose brightly.",,For sentence 3,what word was the adjective ,brightly,,,0
blank,solved,,,,The professor explained the complex theory.,,For sentence 1,what word was the verb,explained,,,0
blank,idk,,,,The teacher patiently answered every question.,,For sentence 3,what word was the adjective ,patient,every,,1
blank,tree,,,,"Underneath the old tree, a picnic took place.",,For sentence 1,what word was the noun,tree,picnic,,0
blank,sky,,,,,"Whispers among ancient trees, secrets shared.",for sentence 2,what word was the noun,Whispers,trees,secrets,0
blank,idk,,,,,"Citrus-scented breeze, memories stirred.",for sentence 3,what word was the verb,stirred,,,1
blank,vast,,,,,"Vast canyon, voices echoing and resonating.",for sentence 1,what word was the adjective,vast,,,0
blank,idk,,,,,"Scented petals, pathway to forgotten gardens.",for sentence 2,what word was the adjective ,scented,forgotten,,0
blank,autunm,,,,,"Whimsical reflections, pond ripples playfully.",for sentence 1,what word was the verb,playfully,,,0
blank,graveyard,,,,,"Whispers through fog, graveyard's ancient tales.",for sentence 2,what word was the adjective ,ancient,,,
blank,END,,,,,,,,,,,
blank,BEGIN,,,,,,,,,,,1
blank,chased,,,,The cat chased the mouse.,,For sentence 1,what word was the verb,chased ,,,0
blank,piano,,,,The book on the shelf is red.,,For sentence 2,what word was the noun,book,shelf,,0
blank,idk,,,,"In the morning, the sun rose brightly.",,For sentence 3,what word was the adjective ,brightly,,,0
blank,solved,,,,The professor explained the complex theory.,,For sentence 1,what word was the verb,explained,,,0
blank,idk,,,,The teacher patiently answered every question.,,For sentence 3,what word was the adjective ,patient,every,,0
blank,cat,,,,"Underneath the old tree, a picnic took place.",,For sentence 1,what word was the noun,tree,picnic,,1
blank,tree,,,,,"Whispers among ancient trees, secrets shared.",for sentence 2,what word was the noun,Whispers,trees,secrets,0
blank,idk,,,,,"Citrus-scented breeze, memories stirred.",for sentence 3,what word was the verb,stirred,,,0
blank,soar,,,,,"Vast canyon, voices echoing and resonating.",for sentence 1,what word was the adjective,vast,,,1
blank,scented,,,,,"Scented petals, pathway to forgotten gardens.",for sentence 2,what word was the adjective ,scented,forgotten,,1
blank,play,,,,,"Whimsical reflections, pond ripples playfully.",for sentence 1,what word was the verb,playfully,,,0
blank,idk,,,,,"Whispers through fog, graveyard's ancient tales.",for sentence 2,what word was the adjective ,ancient,,,
blank,END,,,,,,,,,,,
blank,BEGIN,,,,,,,,,,,1
blank,chased,,,,The cat chased the mouse.,,For sentence 1,what word was the verb,chased ,,,0
blank,flowers,,,,The book on the shelf is red.,,For sentence 2,what word was the noun,book,shelf,,1
blank,brightly,,,,"In the morning, the sun rose brightly.",,For sentence 3,what word was the adjective ,brightly,,,1
blank,explained,,,,The professor explained the complex theory.,,For sentence 1,what word was the verb,explained,,,1
blank,patiently,,,,The teacher patiently answered every question.,,For sentence 3,what word was the adjective ,patient,every,,1
blank,picnic,,,,"Underneath the old tree, a picnic took place.",,For sentence 1,what word was the noun,tree,picnic,,0
blank,moon,,,,,"Whispers among ancient trees, secrets shared.",for sentence 2,what word was the noun,Whispers,trees,secrets,0
blank,silenced,,,,,"Citrus-scented breeze, memories stirred.",for sentence 3,what word was the verb,stirred,,,0
blank,brightening,,,,,"Vast canyon, voices echoing and resonating.",for sentence 1,what word was the adjective,vast,,,0
blank,swinderly,,,,,"Scented petals, pathway to forgotten gardens.",for sentence 2,what word was the adjective ,scented,forgotten,,1
blank,played,,,,,"Whimsical reflections, pond ripples playfully.",for sentence 1,what word was the verb,playfully,,,0
blank,grey,,,,,"Whispers through fog, graveyard's ancient tales.",for sentence 2,what word was the adjective ,ancient,,,
blank,END,,,,,,,,,,,
blank,BEGIN,,,,,,,,,,,0
blank,cat,,,,The cat chased the mouse.,,For sentence 1,what word was the verb,chased ,,,0
blank,street,,,,The book on the shelf is red.,,For sentence 2,what word was the noun,book,shelf,,1
blank,brightly,,,,"In the morning, the sun rose brightly.",,For sentence 3,what word was the adjective ,brightly,,,0
blank,chirped,,,,The professor explained the complex theory.,,For sentence 1,what word was the verb,explained,,,1
blank,patiently,,,,The teacher patiently answered every question.,,For sentence 3,what word was the adjective ,patient,every,,0
blank,dog,,,,"Underneath the old tree, a picnic took place.",,For sentence 1,what word was the noun,tree,picnic,,0
blank,stars,,,,,"Whispers among ancient trees, secrets shared.",for sentence 2,what word was the noun,Whispers,trees,secrets,0
blank,citrus-sented,,,,,"Citrus-scented breeze, memories stirred.",for sentence 3,what word was the verb,stirred,,,0
blank,swirling,,,,,"Vast canyon, voices echoing and resonating.",for sentence 1,what word was the adjective,vast,,,0
blank,springly,,,,,"Scented petals, pathway to forgotten gardens.",for sentence 2,what word was the adjective ,scented,forgotten,,0
blank,whispering,,,,,"Whimsical reflections, pond ripples playfully.",for sentence 1,what word was the verb,playfully,,,0
blank,cant remember,,,,,"Whispers through fog, graveyard's ancient tales.",for sentence 2,what word was the adjective ,ancient,,,
blank,END,,,,,,,,,,,
blank,BEGIN,,,,,,,,,,,1
blank,chased,,,,The cat chased the mouse.,,For sentence 1,what word was the verb,chased ,,,1
blank,book,,,,The book on the shelf is red.,,For sentence 2,what word was the noun,book,shelf,,1
blank,brightly,,,,"In the morning, the sun rose brightly.",,For sentence 3,what word was the adjective ,brightly,,,1
blank,explained,,,,The professor explained the complex theory.,,For sentence 1,what word was the verb,explained,,,1
blank,patiently,,,,The teacher patiently answered every question.,,For sentence 3,what word was the adjective ,patient,every,,0
blank,cat,,,,"Underneath the old tree, a picnic took place.",,For sentence 1,what word was the noun,tree,picnic,,0
blank,stars,,,,,"Whispers among ancient trees, secrets shared.",for sentence 2,what word was the noun,Whispers,trees,secrets,0
blank,citrus,,,,,"Citrus-scented breeze, memories stirred.",for sentence 3,what word was the verb,stirred,,,0
blank,not sure,,,,,"Vast canyon, voices echoing and resonating.",for sentence 1,what word was the adjective,vast,,,0
blank,not sure,,,,,"Scented petals, pathway to forgotten gardens.",for sentence 2,what word was the adjective ,scented,forgotten,,0
blank,ripples,,,,,"Whimsical reflections, pond ripples playfully.",for sentence 1,what word was the verb,playfully,,,0
blank,ancient,,,,,"Whispers through fog, graveyard's ancient tales.",for sentence 2,what word was the adjective ,ancient,,,
blank,END,,,,,,,,,,,
blank,BEGIN,,,,,,,,,,,1
blank,chased,,,,The cat chased the mouse.,,For sentence 1,what word was the verb,chased ,,,1
blank,bookshelf,,,,The book on the shelf is red.,,For sentence 2,what word was the noun,book,shelf,,1
blank,brightly,,,,"In the morning, the sun rose brightly.",,For sentence 3,what word was the adjective ,brightly,,,1
blank,explained,,,,The professor explained the complex theory.,,For sentence 1,what word was the verb,explained,,,1
blank,patiently,,,,The teacher patiently answered every question.,,For sentence 3,what word was the adjective ,patient,every,,1
blank,picnic,,,,"Underneath the old tree, a picnic took place.",,For sentence 1,what word was the noun,tree,picnic,,0
blank,stars,,,,,"Whispers among ancient trees, secrets shared.",for sentence 2,what word was the noun,Whispers,trees,secrets,1
blank,stirred,,,,,"Citrus-scented breeze, memories stirred.",for sentence 3,what word was the verb,stirred,,,0
blank,beautifully ,,,,,"Vast canyon, voices echoing and resonating.",for sentence 1,what word was the adjective,vast,,,0
blank,flowing,,,,,"Scented petals, pathway to forgotten gardens.",for sentence 2,what word was the adjective ,scented,forgotten,,1
blank,playing,,,,,"Whimsical reflections, pond ripples playfully.",for sentence 1,what word was the verb,playfully,,,0
blank,playfully,,,,,"Whispers through fog, graveyard's ancient tales.",for sentence 2,what word was the adjective ,ancient,,,
blank,END,,,,,,,,,,,
blank,BEGIN,,,,,,,,,,,1
blank,chased,,,,The cat chased the mouse.,,For sentence 1,what word was the verb,chased ,,,1
blank,shelf,,,,The book on the shelf is red.,,For sentence 2,what word was the noun,book,shelf,,1
blank,brightly,,,,"In the morning, the sun rose brightly.",,For sentence 3,what word was the adjective ,brightly,,,1
blank,explained,,,,The professor explained the complex theory.,,For sentence 1,what word was the verb,explained,,,1
blank,patiently,,,,The teacher patiently answered every question.,,For sentence 3,what word was the adjective ,patient,every,,0
blank,cat,,,,"Underneath the old tree, a picnic took place.",,For sentence 1,what word was the noun,tree,picnic,,1
blank,tree,,,,,"Whispers among ancient trees, secrets shared.",for sentence 2,what word was the noun,Whispers,trees,secrets,1
blank,stirred,,,,,"Citrus-scented breeze, memories stirred.",for sentence 3,what word was the verb,stirred,,,0
blank,swiftly,,,,,"Vast canyon, voices echoing and resonating.",for sentence 1,what word was the adjective,vast,,,1
blank,forgotten,,,,,"Scented petals, pathway to forgotten gardens.",for sentence 2,what word was the adjective ,scented,forgotten,,0
blank,remeber,,,,,"Whimsical reflections, pond ripples playfully.",for sentence 1,what word was the verb,playfully,,,0
blank,rhythmic,,,,,"Whispers through fog, graveyard's ancient tales.",for sentence 2,what word was the adjective ,ancient,,,
blank,END,,,,,,,,,,,
blank,BEGIN,,,,,,,,,,,1
blank,chased,,,,The cat chased the mouse.,,For sentence 1,what word was the verb,chased ,,,1
blank,she,,,,The book on the shelf is red.,,For sentence 2,what word was the noun,book,shelf,,1
blank,brightly,,,,"In the morning, the sun rose brightly.",,For sentence 3,what word was the adjective ,brightly,,,0
blank,not sure,,,,The professor explained the complex theory.,,For sentence 1,what word was the verb,explained,,,1
blank,paitenlty,,,,The teacher patiently answered every question.,,For sentence 3,what word was the adjective ,patient,every,,0
blank,not sure,,,,"Underneath the old tree, a picnic took place.",,For sentence 1,what word was the noun,tree,picnic,,0
blank,not sure,,,,,"Whispers among ancient trees, secrets shared.",for sentence 2,what word was the noun,Whispers,trees,secrets,1
blank,stirred,,,,,"Citrus-scented breeze, memories stirred.",for sentence 3,what word was the verb,stirred,,,0
blank,na,,,,,"Vast canyon, voices echoing and resonating.",for sentence 1,what word was the adjective,vast,,,0
blank,not sure,,,,,"Scented petals, pathway to forgotten gardens.",for sentence 2,what word was the adjective ,scented,forgotten,,0
blank,i dont know,,,,,"Whimsical reflections, pond ripples playfully.",for sentence 1,what word was the verb,playfully,,,0
blank,ran,,,,,"Whispers through fog, graveyard's ancient tales.",for sentence 2,what word was the adjective ,ancient,,,
blank,END,,,,,,,,,,,
blank,BEGIN,,,,,,,,,,,
blank,cat,,,,The cat chased the mouse.,,For sentence 1,what word was the verb,chased ,,,0
blank,piano,,,,The book on the shelf is red.,,For sentence 2,what word was the noun,book,shelf,,0
blank,beutiful,,,,"In the morning, the sun rose brightly.",,For sentence 3,what word was the adjective ,brightly,,,0
blank,chirp,,,,The professor explained the complex theory.,,For sentence 1,what word was the verb,explained,,,0
blank,patiantly,,,,The teacher patiently answered every question.,,For sentence 3,what word was the adjective ,patient,every,,1
blank,tree,,,,"Underneath the old tree, a picnic took place.",,For sentence 1,what word was the noun,tree,picnic,,1
blank,weather,,,,,"Whispers among ancient trees, secrets shared.",for sentence 2,what word was the noun,Whispers,trees,secrets,0
blank,stired,,,,,"Citrus-scented breeze, memories stirred.",for sentence 3,what word was the verb,stirred,,,1
blank,crashing,,,,,"Vast canyon, voices echoing and resonating.",for sentence 1,what word was the adjective,vast,,,0
blank,lingering,,,,,"Scented petals, pathway to forgotten gardens.",for sentence 2,what word was the adjective ,scented,forgotten,,0
blank,crashing,,,,,"Whimsical reflections, pond ripples playfully.",for sentence 1,what word was the verb,playfully,,,0
blank,wispering,,,,,"Whispers through fog, graveyard's ancient tales.",for sentence 2,what word was the adjective ,ancient,,,0
blank,END,,,,,,,,,,,
blank,BEGIN,,,,,,,,,,,
blank,chased,,,,The cat chased the mouse.,,For sentence 1,what word was the verb,chased ,,,1
blank,red,,,,The book on the shelf is red.,,For sentence 2,what word was the noun,book,shelf,,0
blank,brightly,,,,"In the morning, the sun rose brightly.",,For sentence 3,what word was the adjective ,brightly,,,1
blank,chirped,,,,The professor explained the complex theory.,,For sentence 1,what word was the verb,explained,,,0
blank,patiently,,,,The teacher patiently answered every question.,,For sentence 3,what word was the adjective ,patient,every,,1
blank,tree,,,,"Underneath the old tree, a picnic took place.",,For sentence 1,what word was the noun,tree,picnic,,1
blank,river,,,,,"Whispers among ancient trees, secrets shared.",for sentence 2,what word was the noun,Whispers,trees,secrets,0
blank,blew,,,,,"Citrus-scented breeze, memories stirred.",for sentence 3,what word was the verb,stirred,,,0
blank,carousel,,,,,"Vast canyon, voices echoing and resonating.",for sentence 1,what word was the adjective,vast,,,0
blank,lingered,,,,,"Scented petals, pathway to forgotten gardens.",for sentence 2,what word was the adjective ,scented,forgotten,,0
blank,rippled,,,,,"Whimsical reflections, pond ripples playfully.",for sentence 1,what word was the verb,playfully,,,0
blank,glistening,,,,,"Whispers through fog, graveyard's ancient tales.",for sentence 2,what word was the adjective ,ancient,,,0
blank,END,,,,,,,,,,,
blank,,,,,,,,,,,,
blank,,,,,,,,,,,,
blank,,,,,,,,,,,,
blank,,,,,,,,,,,,
blank,,,,,,,,,,,,
blank,,,,,,,,,,,,
blank,,,,,,,,,,,,
blank,,,,,,,,,,,,
blank,,,,,,,,,,,,
blank,,,,,,,,,,,,
blank,,,,,,,,,,,,
blank,,,,,,,,,,,,
blank,,,,,,,,,,,,
blank,,,,,,,,,,,,
blank,,,,,,,,,,,,
blank,,,,,,,,,,,,
blank,,,,,,,,,,,,
blank,,,,,,,,,,,,
blank,,,,,,,,,,,,
blank,,,,,,,,,,,,
blank,,,,,,,,,,,,
