﻿Question,Response Type,Key,Response
,5,,BEGIN
Unique ID:,response,value,eb23
Age:,response,value,20
Gender:,response,value,Female 
Gender:,response,quantised,2
Are you a native english speaker? ,response,value,No
Are you a native english speaker? ,response,quantised,2
Native Language (First language):,response,value,romanian
"Proficiency in **English** - 
(on a scale from 1 to 5, with 1 being not proficient and 5 being highly proficient): 
",response,value,4
,5,,END
,5,,BEGIN
Unique ID:,response,value,kphm09
Age:,response,value,23
Gender:,response,value,Female 
Gender:,response,quantised,2
Are you a native english speaker? ,response,value,No
Are you a native english speaker? ,response,quantised,2
"Proficiency in **English** - 
(on a scale from 1 to 5, with 1 being not proficient and 5 being highly proficient): 
",response,value,4
Native Language (First language):,response,value,Vietnamese
,5,,END
,5,,BEGIN
Unique ID:,response,value,Kat21
Age:,response,value,21
Gender:,response,value,Male 
Gender:,response,quantised,1
Are you a native english speaker? ,response,value,Yes
Are you a native english speaker? ,response,quantised,1
Native Language (First language):,response,value,English
"Proficiency in **English** - 
(on a scale from 1 to 5, with 1 being not proficient and 5 being highly proficient): 
",response,value,5
,5,,END
,5,,BEGIN
Unique ID:,response,value,ajsls
Age:,response,value,20
Gender:,response,value,Female 
Gender:,response,quantised,2
Are you a native english speaker? ,response,value,Yes
Are you a native english speaker? ,response,quantised,1
"Proficiency in **English** - 
(on a scale from 1 to 5, with 1 being not proficient and 5 being highly proficient): 
",response,value,5
Native Language (First language):,response,value,english 
,5,,END
,5,,BEGIN
Unique ID:,response,value,zal04
Age:,response,value,25
Gender:,response,value,Female 
Gender:,response,quantised,2
Are you a native english speaker? ,response,value,No
Are you a native english speaker? ,response,quantised,2
Native Language (First language):,response,value,Lithuanian
"Proficiency in **English** - 
(on a scale from 1 to 5, with 1 being not proficient and 5 being highly proficient): 
",response,value,4
,5,,END
,5,,BEGIN
Unique ID:,response,value,az226
Age:,response,value,30
Gender:,response,value,Female 
Gender:,response,quantised,2
Are you a native english speaker? ,response,value,Yes
Are you a native english speaker? ,response,quantised,1
Native Language (First language):,response,value,English
"Proficiency in **English** - 
(on a scale from 1 to 5, with 1 being not proficient and 5 being highly proficient): 
",response,value,5
,5,,END
,5,,BEGIN
Unique ID:,response,value,Chickpea
Age:,response,value,24
Gender:,response,value,Female 
Gender:,response,quantised,2
Are you a native english speaker? ,response,value,Yes
Are you a native english speaker? ,response,quantised,1
Native Language (First language):,response,value,Bilingual - Turkish
"Proficiency in **English** - 
(on a scale from 1 to 5, with 1 being not proficient and 5 being highly proficient): 
",response,value,3
,5,,END
,5,,BEGIN
Unique ID:,response,value,Clouter78
Age:,response,value,20
Gender:,response,value,Male 
Gender:,response,quantised,1
Are you a native english speaker? ,response,value,Yes
Are you a native english speaker? ,response,quantised,1
Native Language (First language):,response,value,English
"Proficiency in **English** - 
(on a scale from 1 to 5, with 1 being not proficient and 5 being highly proficient): 
",response,value,5
,5,,END
,5,,BEGIN
Unique ID:,response,value,boshling
Age:,response,value,24
Gender:,response,value,Male 
Gender:,response,quantised,1
Are you a native english speaker? ,response,value,Yes
Are you a native english speaker? ,response,quantised,1
Native Language (First language):,response,value,English
"Proficiency in **English** - 
(on a scale from 1 to 5, with 1 being not proficient and 5 being highly proficient): 
",response,value,4
,5,,END
Question,Response Type,Key,Response
,5,,BEGIN
Unique ID:,response,value,mbri39
Gender:,response,value,Female 
Gender:,response,quantised,2
Age:,response,value,20
Are you a native english speaker? ,response,value,Yes
Are you a native english speaker? ,response,quantised,1
"Proficiency in **English** - 
(on a scale from 1 to 5, with 1 being not proficient and 5 being highly proficient): 
",response,value,5
Native Language (First language):,response,value,English 
,5,,END
,5,,BEGIN
Unique ID:,response,value,sha11
Age:,response,value,26
Gender:,response,value,Female 
Gender:,response,quantised,2
Are you a native english speaker? ,response,value,No
Are you a native english speaker? ,response,quantised,2
Native Language (First language):,response,value,hindi
"Proficiency in **English** - 
(on a scale from 1 to 5, with 1 being not proficient and 5 being highly proficient): 
",response,value,4
,5,,END
,5,,BEGIN
Unique ID:,response,value,GorillaIsAss
Age:,response,value,22
Gender:,response,value,Male 
Gender:,response,quantised,1
Are you a native english speaker? ,response,value,No
Are you a native english speaker? ,response,quantised,2
Native Language (First language):,response,value,Lithuanian
"Proficiency in **English** - 
(on a scale from 1 to 5, with 1 being not proficient and 5 being highly proficient): 
",response,value,4
,5,,END
,5,,BEGIN
Unique ID:,response,value,ch2004
Age:,response,value,19
Gender:,response,value,Male 
Gender:,response,quantised,1
Are you a native english speaker? ,response,value,No
Are you a native english speaker? ,response,quantised,2
Native Language (First language):,response,value,turkish
"Proficiency in **English** - 
(on a scale from 1 to 5, with 1 being not proficient and 5 being highly proficient): 
",response,value,2
,5,,END
,5,,BEGIN
Unique ID:,response,value,akd36
Age:,response,value,38
Gender:,response,value,Male 
Gender:,response,quantised,1
Are you a native english speaker? ,response,value,No
Are you a native english speaker? ,response,quantised,2
Native Language (First language):,response,value,German
"Proficiency in **English** - 
(on a scale from 1 to 5, with 1 being not proficient and 5 being highly proficient): 
",response,value,4
,5,,END
,5,,BEGIN
Unique ID:,response,value,JK97
Age:,response,value,21
Gender:,response,value,Female 
Gender:,response,quantised,2
Are you a native english speaker? ,response,value,No
Are you a native english speaker? ,response,quantised,2
Native Language (First language):,response,value,portuguese
"Proficiency in **English** - 
(on a scale from 1 to 5, with 1 being not proficient and 5 being highly proficient): 
",response,value,4
,5,,END
,5,,BEGIN
Unique ID:,response,value,Kas11
Age:,response,value,18
Gender:,response,value,Female 
Gender:,response,quantised,2
Are you a native english speaker? ,response,value,No
Are you a native english speaker? ,response,quantised,2
Native Language (First language):,response,value,Lithuania 
"Proficiency in **English** - 
(on a scale from 1 to 5, with 1 being not proficient and 5 being highly proficient): 
",response,value,5
,5,,END
,,,BEGIN
,,,a246
,,,19
,,,Female 
,,,2
,,,Yes
,,,1
,,,English
,,,5
,,,END
,,,BEGIN
,,,3
,,,uiop
,,,19
,,,Female 
,,,2
,,,Yes
,,,1
,,,hindi
,,,4
,,,END
,,,BEGIN
,,,3
,,,pbr
,,,20
,,,Female 
,,,2
,,,Yes
,,,1
,,,5
,,,english
,,,END
,,,BEGIN
,,,3
,,,n1705
,,,20
,,,Female 
,,,2
,,,Yes
,,,1
,,,english
,,,5
,,,END
,,,BEGIN
,,,3
,,,IT404
,,,20
,,,Female 
,,,2
,,,No
,,,2
,,,Italian
,,,5
,,,END
,,,BEGIN
,,,3
,,,lou19
,,,21
,,,Female 
,,,2
,,,Yes
,,,1
,,,5
,,,English
,,,END
,,,BEGIN
,,,3
,,,bbz
,,,22
,,,Female 
,,,2
,,,Yes
,,,1
,,,4
,,,english
,,,END
,,,BEGIN
,,,3
,,,m1202
,,,21
,,,Female 
,,,2
,,,Yes
,,,1
,,,English
,,,5
,,,END
,,,BEGIN
,,,3
,,,whi45
,,,20
,,,Female 
,,,2
,,,Yes
,,,1
,,,5
,,,english
,,,END
,,,BEGIN
,,,3
,,,BRO12
,,,21
,,,Female 
,,,2
,,,Yes
,,,1
,,,English
,,,5
,,,END
,,,BEGIN
,,,3
,,,MA0211
,,,20
,,,Female 
,,,2
,,,Yes
,,,1
,,,English
,,,5
,,,END
,,,BEGIN
,,,310103
,,,21
,,,Female 
,,,2
,,,No
,,,2
,,,polish
,,,5
,,,END
,,,BEGIN
,,,Vaida
,,,30
,,,Female 
,,,2
,,,No
,,,2
,,,Lithuanian
,,,3
,,,END
